"geoid","boro_ct2020","op_st_active","op_st_presence","cont"
36061000100,"1000100",0,0,0
36061000201,"1000201",1,1,0
36061000600,"1000600",0,0,1
36061001401,"1001401",1,1,0
36061001402,"1001402",1,1,0
36061001800,"1001800",1,1,0
36061002201,"1002201",0,0,1
36061002601,"1002601",1,1,0
36061002602,"1002602",1,1,0
36061002800,"1002800",1,1,0
36061003100,"1003100",0,0,1
36061003200,"1003200",1,1,0
36061003300,"1003300",0,0,1
36061003400,"1003400",1,1,0
36061003601,"1003601",1,1,0
36061003602,"1003602",0,0,1
36061003700,"1003700",1,1,0
36061003900,"1003900",1,1,0
36061004001,"1004001",1,1,0
36061004002,"1004002",1,1,0
36061004100,"1004100",1,1,0
36061004300,"1004300",1,1,0
36061004500,"1004500",1,1,0
36061005200,"1005200",1,1,0
36061005400,"1005400",1,1,0
36061005501,"1005501",1,1,0
36061005502,"1005502",1,1,0
36061005800,"1005800",1,1,0
36061006300,"1006300",1,1,0
36061006500,"1006500",1,1,0
36061006700,"1006700",1,1,0
36061006800,"1006800",0,0,1
36061007001,"1007001",0,0,0
36061007002,"1007002",0,0,0
36061007100,"1007100",1,1,0
36061007200,"1007200",0,0,1
36061007300,"1007300",1,1,0
36061007600,"1007600",1,1,0
36061007700,"1007700",1,1,0
36061007800,"1007800",0,0,0
36061008000,"1008000",0,0,1
36061008100,"1008100",0,0,1
36061008200,"1008200",1,1,0
36061008300,"1008300",1,1,0
36061008400,"1008400",1,1,0
36061008700,"1008700",1,1,0
36061008900,"1008900",1,1,0
36061009100,"1009100",1,1,0
36061009200,"1009200",0,0,1
36061009300,"1009300",1,1,0
36061009400,"1009400",1,1,0
36061009500,"1009500",0,0,1
36061009600,"1009600",1,1,0
36061009700,"1009700",0,0,1
36061009902,"1009902",1,1,0
36061010000,"1010000",0,0,1
36061010100,"1010100",1,1,0
36061010200,"1010200",0,0,1
36061010400,"1010400",0,0,1
36061010801,"1010801",0,0,0
36061010802,"1010802",0,0,0
36061010803,"1010803",0,0,0
36061010900,"1010900",1,1,0
36061011201,"1011201",0,0,0
36061011202,"1011202",0,0,0
36061011203,"1011203",0,0,0
36061011300,"1011300",1,1,0
36061011402,"1011402",0,0,0
36061011800,"1011800",0,0,0
36061011900,"1011900",1,1,0
36061012000,"1012000",0,0,0
36061012101,"1012101",1,1,0
36061012102,"1012102",1,1,0
36061012200,"1012200",0,0,0
36061012500,"1012500",1,1,0
36061012601,"1012601",0,0,0
36061012602,"1012602",0,0,0
36061012700,"1012700",1,1,0
36061013000,"1013000",0,0,0
36061013100,"1013100",1,1,0
36061013201,"1013201",0,0,0
36061013202,"1013202",0,0,1
36061013300,"1013300",0,0,1
36061013601,"1013601",1,1,0
36061013602,"1013602",1,1,0
36061014801,"1014801",0,0,1
36061014900,"1014900",0,0,0
36061015001,"1015001",0,0,1
36061015002,"1015002",1,1,0
36061015101,"1015101",0,0,0
36061015301,"1015301",0,0,0
36061015302,"1015302",0,0,0
36061015401,"1015401",0,0,1
36061015402,"1015402",0,0,1
36061015403,"1015403",0,0,0
36061015501,"1015501",0,0,0
36061015601,"1015601",0,0,1
36061015602,"1015602",1,1,0
36061015700,"1015700",0,0,0
36061015801,"1015801",0,0,1
36061015802,"1015802",0,0,1
36061016001,"1016001",0,0,1
36061016100,"1016100",0,0,0
36061016200,"1016200",1,1,0
36061016400,"1016400",1,1,0
36061016500,"1016500",0,0,0
36061016600,"1016600",1,1,0
36061016900,"1016900",0,0,0
36061017000,"1017000",1,1,0
36061017100,"1017100",0,0,0
36061017200,"1017200",0,0,1
36061017300,"1017300",0,0,1
36061017401,"1017401",0,0,0
36061017402,"1017402",0,0,0
36061017500,"1017500",0,0,1
36061017700,"1017700",1,1,0
36061018000,"1018000",0,0,1
36061018100,"1018100",1,1,0
36061018400,"1018400",0,0,0
36061018600,"1018600",0,0,1
36061018700,"1018700",1,1,0
36061019300,"1019300",1,1,0
36061019500,"1019500",0,0,1
36061019600,"1019600",0,0,0
36061019702,"1019702",1,1,0
36061019900,"1019900",0,0,1
36061020500,"1020500",0,0,0
36061020600,"1020600",0,0,0
36061020701,"1020701",0,0,1
36061020800,"1020800",0,0,1
36061021303,"1021303",0,0,0
36061021500,"1021500",0,0,1
36061021600,"1021600",1,1,0
36061021703,"1021703",0,0,0
36061021800,"1021800",1,1,0
36061022000,"1022000",0,0,1
36061022102,"1022102",0,0,1
36061022200,"1022200",0,0,1
36061022301,"1022301",0,0,0
36061022400,"1022400",1,1,0
36061022500,"1022500",0,0,0
36061022600,"1022600",1,1,0
36061022800,"1022800",0,0,1
36061023100,"1023100",0,0,0
36061023400,"1023400",0,0,0
36061023502,"1023502",0,0,0
36061024100,"1024100",1,1,0
36061024301,"1024301",1,1,0
36061024700,"1024700",1,1,0
36061024900,"1024900",1,1,0
36061025500,"1025500",0,0,1
36061026500,"1026500",0,0,0
36061026700,"1026700",0,0,0
36061026900,"1026900",0,0,0
36061027100,"1027100",0,0,0
36061028100,"1028100",0,0,0
36061029300,"1029300",0,0,1
36061029500,"1029500",1,1,0
36061030900,"1030900",0,0,0
36005000200,"2000200",0,0,1
36005001600,"2001600",1,1,0
36005001904,"2001904",1,1,0
36005002002,"2002002",0,0,1
36005002300,"2002300",0,0,1
36005002500,"2002500",0,0,1
36005002701,"2002701",0,0,1
36005002702,"2002702",0,0,1
36005003800,"2003800",0,0,1
36005003900,"2003900",0,0,0
36005004001,"2004001",0,0,0
36005004200,"2004200",0,0,1
36005004400,"2004400",0,0,0
36005004600,"2004600",0,0,0
36005004800,"2004800",0,0,0
36005005001,"2005001",0,0,0
36005005002,"2005002",0,0,0
36005005400,"2005400",0,0,0
36005006302,"2006302",0,0,0
36005006400,"2006400",0,0,0
36005006500,"2006500",1,1,0
36005006800,"2006800",0,0,0
36005007000,"2007000",0,0,0
36005007200,"2007200",0,0,0
36005007400,"2007400",0,0,1
36005007600,"2007600",0,0,0
36005007800,"2007800",0,0,0
36005007900,"2007900",0,0,0
36005008400,"2008400",0,0,0
36005008500,"2008500",0,0,0
36005008600,"2008600",0,0,0
36005008700,"2008700",0,0,0
36005009200,"2009200",0,0,0
36005009600,"2009600",0,0,0
36005011701,"2011701",0,0,0
36005011702,"2011702",0,0,0
36005011900,"2011900",0,0,0
36005012101,"2012101",0,0,0
36005012102,"2012102",0,0,0
36005012500,"2012500",0,0,1
36005012901,"2012901",0,0,0
36005013000,"2013000",0,0,0
36005013100,"2013100",0,0,1
36005013200,"2013200",0,0,0
36005013300,"2013300",0,0,0
36005013500,"2013500",0,0,1
36005014400,"2014400",0,0,0
36005014900,"2014900",0,0,1
36005015200,"2015200",0,0,0
36005015300,"2015300",1,1,0
36005015800,"2015800",0,0,0
36005016000,"2016000",0,0,0
36005016200,"2016200",0,0,0
36005016400,"2016400",0,0,0
36005017100,"2017100",0,0,0
36005017500,"2017500",0,0,0
36005017701,"2017701",0,0,0
36005017702,"2017702",0,0,0
36005017901,"2017901",0,0,0
36005017902,"2017902",0,0,0
36005018101,"2018101",0,0,0
36005018102,"2018102",0,0,0
36005018302,"2018302",0,0,0
36005018400,"2018400",0,0,0
36005018900,"2018900",0,0,0
36005019700,"2019700",0,0,0
36005019900,"2019900",0,0,0
36005020200,"2020200",0,0,0
36005020400,"2020400",0,0,0
36005020601,"2020601",0,0,0
36005020900,"2020900",0,0,1
36005021002,"2021002",0,0,0
36005021100,"2021100",0,0,1
36005021301,"2021301",1,1,0
36005021302,"2021302",1,1,0
36005021501,"2021501",1,1,0
36005021502,"2021502",1,1,0
36005021700,"2021700",1,1,0
36005021800,"2021800",0,0,0
36005021900,"2021900",0,0,1
36005022101,"2022101",0,0,0
36005022102,"2022102",0,0,0
36005022300,"2022300",0,0,0
36005022403,"2022403",0,0,0
36005022404,"2022404",0,0,0
36005022500,"2022500",0,0,0
36005022702,"2022702",0,0,1
36005022703,"2022703",0,0,0
36005022800,"2022800",0,0,0
36005022902,"2022902",0,0,0
36005023200,"2023200",0,0,0
36005023301,"2023301",0,0,1
36005023600,"2023600",0,0,0
36005023704,"2023704",0,0,0
36005023900,"2023900",0,0,0
36005024100,"2024100",0,0,1
36005024300,"2024300",0,0,1
36005024400,"2024400",0,0,0
36005024501,"2024501",0,0,1
36005024502,"2024502",0,0,0
36005024600,"2024600",0,0,0
36005024800,"2024800",0,0,0
36005024900,"2024900",0,0,0
36005025000,"2025000",0,0,0
36005025100,"2025100",0,0,0
36005025200,"2025200",0,0,0
36005025300,"2025300",0,0,0
36005025400,"2025400",0,0,0
36005025500,"2025500",0,0,0
36005026100,"2026100",0,0,0
36005026300,"2026300",0,0,0
36005026500,"2026500",0,0,0
36005026601,"2026601",0,0,0
36005026602,"2026602",0,0,0
36005026701,"2026701",0,0,0
36005026702,"2026702",0,0,0
36005027300,"2027300",0,0,0
36005027700,"2027700",0,0,0
36005027900,"2027900",0,0,0
36005028600,"2028600",0,0,0
36005028700,"2028700",0,0,0
36005028800,"2028800",0,0,0
36005028900,"2028900",0,0,0
36005029500,"2029500",0,0,0
36005029600,"2029600",0,0,0
36005030000,"2030000",0,0,0
36005030100,"2030100",0,0,0
36005030201,"2030201",0,0,0
36005030701,"2030701",0,0,0
36005030900,"2030900",0,0,0
36005031200,"2031200",0,0,0
36005031400,"2031400",0,0,0
36005031600,"2031600",0,0,0
36005031800,"2031800",0,0,0
36005031900,"2031900",0,0,0
36005032400,"2032400",0,0,0
36005032600,"2032600",0,0,0
36005032800,"2032800",0,0,0
36005033000,"2033000",0,0,0
36005033201,"2033201",0,0,0
36005033202,"2033202",0,0,0
36005033601,"2033601",0,0,0
36005033602,"2033602",0,0,0
36005033801,"2033801",0,0,0
36005033802,"2033802",0,0,0
36005034000,"2034000",0,0,0
36005034200,"2034200",0,0,0
36005034300,"2034300",0,0,0
36005034400,"2034400",0,0,0
36005034800,"2034800",0,0,0
36005035900,"2035900",0,0,0
36005036000,"2036000",0,0,0
36005036300,"2036300",0,0,0
36005036400,"2036400",0,0,0
36005036501,"2036501",0,0,0
36005036800,"2036800",0,0,0
36005036901,"2036901",0,0,0
36005036902,"2036902",0,0,0
36005037000,"2037000",0,0,0
36005037100,"2037100",0,0,0
36005037200,"2037200",0,0,0
36005037300,"2037300",0,0,0
36005037400,"2037400",0,0,0
36005037504,"2037504",0,0,0
36005038000,"2038000",0,0,0
36005038200,"2038200",0,0,0
36005038301,"2038301",0,0,0
36005038303,"2038303",0,0,0
36005038600,"2038600",0,0,0
36005038700,"2038700",0,0,0
36005038800,"2038800",0,0,0
36005039000,"2039000",0,0,0
36005039100,"2039100",0,0,0
36005039200,"2039200",0,0,0
36005039400,"2039400",0,0,0
36005039600,"2039600",0,0,0
36005039800,"2039800",0,0,0
36005040302,"2040302",0,0,0
36005040303,"2040303",0,0,0
36005040304,"2040304",0,0,0
36005040400,"2040400",0,0,0
36005040501,"2040501",0,0,0
36005040502,"2040502",0,0,0
36005040600,"2040600",0,0,0
36005040701,"2040701",0,0,0
36005040702,"2040702",0,0,0
36005040800,"2040800",0,0,0
36005041500,"2041500",0,0,0
36005041900,"2041900",0,0,0
36005042000,"2042000",0,0,0
36005042200,"2042200",0,0,0
36005042300,"2042300",0,0,0
36005042400,"2042400",0,0,0
36005042800,"2042800",0,0,0
36005042902,"2042902",0,0,0
36005043000,"2043000",0,0,0
36005043101,"2043101",0,0,0
36005043400,"2043400",0,0,0
36005043600,"2043600",0,0,0
36005044200,"2044200",0,0,0
36005044400,"2044400",0,0,0
36005044800,"2044800",0,0,0
36005044901,"2044901",0,0,0
36005044902,"2044902",0,0,0
36005045600,"2045600",0,0,0
36005045800,"2045800",0,0,0
36005046203,"2046203",0,0,0
36005046204,"2046204",0,0,0
36005046206,"2046206",0,0,0
36005046207,"2046207",0,0,0
36005046209,"2046209",0,0,0
36005048401,"2048401",0,0,0
36005048402,"2048402",0,0,0
36005050400,"2050400",0,0,0
36081000200,"4000200",1,1,0
36081000400,"4000400",0,0,1
36081000600,"4000600",0,0,0
36081000702,"4000702",0,0,1
36081000800,"4000800",0,0,0
36081001000,"4001000",0,0,1
36081001200,"4001200",1,1,0
36081001600,"4001600",0,0,1
36081002400,"4002400",0,0,0
36081002600,"4002600",0,0,0
36081002800,"4002800",0,0,0
36081003000,"4003000",0,0,0
36081003100,"4003100",0,0,0
36081003200,"4003200",0,0,0
36081003302,"4003302",0,0,0
36081003800,"4003800",0,0,0
36081004001,"4004001",0,0,0
36081004002,"4004002",0,0,0
36081004200,"4004200",0,0,0
36081004300,"4004300",0,0,0
36081004500,"4004500",0,0,1
36081004700,"4004700",0,0,0
36081005000,"4005000",0,0,0
36081005100,"4005100",0,0,0
36081005200,"4005200",0,0,0
36081005300,"4005300",0,0,1
36081005500,"4005500",0,0,0
36081005700,"4005700",0,0,0
36081006300,"4006300",0,0,1
36081006501,"4006501",0,0,0
36081006502,"4006502",0,0,0
36081006900,"4006900",0,0,1
36081007100,"4007100",0,0,1
36081007300,"4007300",1,1,0
36081007500,"4007500",1,1,0
36081007700,"4007700",0,0,1
36081007900,"4007900",0,0,1
36081008300,"4008300",0,0,0
36081008500,"4008500",0,0,0
36081009400,"4009400",0,0,0
36081009500,"4009500",1,1,0
36081009600,"4009600",0,0,0
36081009700,"4009700",1,1,0
36081009800,"4009800",0,0,0
36081009900,"4009900",0,0,1
36081010000,"4010000",0,0,0
36081010100,"4010100",1,1,0
36081010200,"4010200",0,0,0
36081010300,"4010300",1,1,0
36081010400,"4010400",0,0,0
36081010500,"4010500",1,1,0
36081010800,"4010800",0,0,0
36081011000,"4011000",0,0,0
36081011100,"4011100",1,1,0
36081011200,"4011200",0,0,0
36081011300,"4011300",1,1,0
36081011400,"4011400",0,0,0
36081011500,"4011500",1,1,0
36081011600,"4011600",0,0,0
36081011700,"4011700",0,0,1
36081011800,"4011800",0,0,1
36081011900,"4011900",0,0,1
36081012000,"4012000",0,0,1
36081012100,"4012100",0,0,1
36081012200,"4012200",1,1,0
36081012400,"4012400",1,1,0
36081012601,"4012601",0,0,1
36081012602,"4012602",0,0,0
36081012800,"4012800",0,0,1
36081013200,"4013200",1,1,0
36081013400,"4013400",0,0,1
36081013500,"4013500",0,0,0
36081014000,"4014000",1,1,0
36081014201,"4014201",0,0,1
36081014202,"4014202",0,0,1
36081014300,"4014300",0,0,0
36081014400,"4014400",1,1,0
36081014500,"4014500",0,0,0
36081014700,"4014700",0,0,0
36081014800,"4014800",0,0,1
36081014900,"4014900",0,0,0
36081015000,"4015000",0,0,0
36081015100,"4015100",0,0,0
36081015200,"4015200",0,0,0
36081015300,"4015300",0,0,0
36081015400,"4015400",0,0,0
36081015600,"4015600",0,0,0
36081015700,"4015700",0,0,0
36081015801,"4015801",0,0,0
36081015802,"4015802",0,0,0
36081016100,"4016100",0,0,0
36081016400,"4016400",0,0,0
36081016800,"4016800",0,0,0
36081016900,"4016900",0,0,0
36081017000,"4017000",0,0,0
36081017200,"4017200",0,0,0
36081017400,"4017400",0,0,0
36081017600,"4017600",0,0,0
36081017800,"4017800",0,0,0
36081017901,"4017901",0,0,0
36081017902,"4017902",0,0,1
36081018000,"4018000",0,0,0
36081018101,"4018101",0,0,0
36081018102,"4018102",0,0,0
36081018200,"4018200",0,0,0
36081018300,"4018300",0,0,0
36081018401,"4018401",0,0,0
36081018402,"4018402",0,0,0
36081018501,"4018501",0,0,0
36081018502,"4018502",0,0,0
36081018600,"4018600",0,0,0
36081018700,"4018700",0,0,1
36081018800,"4018800",0,0,0
36081018900,"4018900",0,0,1
36081019000,"4019000",0,0,0
36081019200,"4019200",0,0,0
36081019400,"4019400",0,0,0
36081019600,"4019600",0,0,0
36081019800,"4019800",0,0,0
36081019901,"4019901",1,1,0
36081019902,"4019902",1,1,0
36081019903,"4019903",1,1,0
36081020200,"4020200",0,0,0
36081020400,"4020400",0,0,0
36081020500,"4020500",0,0,1
36081020600,"4020600",0,0,0
36081020800,"4020800",0,0,0
36081021200,"4021200",0,0,0
36081021400,"4021400",0,0,0
36081021602,"4021602",0,0,1
36081021603,"4021603",0,0,0
36081022002,"4022002",0,0,0
36081023000,"4023000",0,0,0
36081023200,"4023200",0,0,0
36081023501,"4023501",0,0,0
36081023502,"4023502",0,0,0
36081023600,"4023600",0,0,0
36081023800,"4023800",0,0,0
36081024000,"4024000",0,0,0
36081024600,"4024600",0,0,0
36081025100,"4025100",0,0,0
36081025301,"4025301",0,0,0
36081025302,"4025302",0,0,0
36081025401,"4025401",0,0,0
36081025402,"4025402",0,0,0
36081025500,"4025500",0,0,0
36081025700,"4025700",0,0,0
36081025800,"4025800",0,0,0
36081025900,"4025900",0,0,0
36081026000,"4026000",0,0,0
36081026200,"4026200",0,0,0
36081026400,"4026400",0,0,0
36081026600,"4026600",0,0,0
36081026700,"4026700",0,0,0
36081026901,"4026901",0,0,0
36081026902,"4026902",0,0,0
36081027000,"4027000",0,0,0
36081027101,"4027101",0,0,0
36081027102,"4027102",0,0,0
36081027200,"4027200",0,0,0
36081027301,"4027301",0,0,0
36081027302,"4027302",0,0,0
36081027400,"4027400",0,0,0
36081027500,"4027500",0,0,0
36081027600,"4027600",0,0,0
36081027701,"4027701",0,0,0
36081027702,"4027702",0,0,0
36081027800,"4027800",0,0,0
36081027900,"4027900",0,0,0
36081028000,"4028000",0,0,0
36081028100,"4028100",0,0,0
36081028200,"4028200",0,0,0
36081028300,"4028300",0,0,0
36081028400,"4028400",0,0,0
36081028500,"4028500",0,0,0
36081028700,"4028700",0,0,0
36081028801,"4028801",0,0,0
36081028802,"4028802",0,0,0
36081028900,"4028900",0,0,0
36081030903,"4030903",0,0,0
36081032700,"4032700",0,0,0
36081032800,"4032800",0,0,0
36081033000,"4033000",0,0,0
36081033401,"4033401",0,0,0
36081033403,"4033403",0,0,0
36081033404,"4033404",0,0,0
36081033405,"4033405",0,0,0
36081033700,"4033700",0,0,0
36081033900,"4033900",0,0,0
36081035100,"4035100",0,0,1
36081035200,"4035200",0,0,0
36081035300,"4035300",0,0,1
36081035800,"4035800",0,0,0
36081036100,"4036100",0,0,1
36081036300,"4036300",0,0,0
36081036500,"4036500",0,0,0
36081036600,"4036600",0,0,0
36081036700,"4036700",0,0,1
36081036800,"4036800",0,0,0
36081037300,"4037300",0,0,0
36081037501,"4037501",0,0,0
36081037502,"4037502",0,0,0
36081037600,"4037600",0,0,0
36081037700,"4037700",0,0,0
36081037900,"4037900",0,0,0
36081038301,"4038301",0,0,1
36081038400,"4038400",0,0,0
36081039400,"4039400",0,0,0
36081039800,"4039800",0,0,0
36081039901,"4039901",0,0,0
36081039902,"4039902",0,0,0
36081040000,"4040000",0,0,0
36081040101,"4040101",0,0,0
36081040102,"4040102",0,0,0
36081040200,"4040200",0,0,0
36081040301,"4040301",0,0,0
36081040302,"4040302",0,0,0
36081040400,"4040400",0,0,0
36081040501,"4040501",0,0,0
36081040502,"4040502",0,0,0
36081040701,"4040701",0,0,0
36081040702,"4040702",0,0,0
36081040901,"4040901",0,0,0
36081040902,"4040902",0,0,0
36081041100,"4041100",0,0,0
36081041300,"4041300",0,0,1
36081041400,"4041400",0,0,0
36081041500,"4041500",0,0,1
36081042700,"4042700",1,1,0
36081043701,"4043701",1,1,0
36081043702,"4043702",1,1,0
36081043900,"4043900",1,1,0
36081044000,"4044000",0,0,0
36081044301,"4044301",0,0,1
36081044302,"4044302",0,0,1
36081044400,"4044400",0,0,0
36081044601,"4044601",0,0,0
36081044602,"4044602",0,0,0
36081044800,"4044800",0,0,0
36081045000,"4045000",0,0,0
36081045600,"4045600",0,0,0
36081045700,"4045700",0,0,0
36081045900,"4045900",0,0,0
36081046000,"4046000",0,0,0
36081046100,"4046100",0,0,0
36081046400,"4046400",0,0,0
36081046500,"4046500",0,0,0
36081046700,"4046700",0,0,0
36081046800,"4046800",0,0,0
36081046901,"4046901",0,0,0
36081046902,"4046902",0,0,0
36081047000,"4047000",0,0,0
36081047300,"4047300",0,0,0
36081047801,"4047801",0,0,0
36081047802,"4047802",0,0,0
36081048000,"4048000",0,0,0
36081048100,"4048100",0,0,0
36081048200,"4048200",0,0,0
36081048400,"4048400",0,0,0
36081049201,"4049201",0,0,0
36081049202,"4049202",0,0,0
36081049301,"4049301",0,0,0
36081049302,"4049302",0,0,0
36081049500,"4049500",0,0,0
36081049600,"4049600",0,0,0
36081049700,"4049700",0,0,0
36081050000,"4050000",0,0,0
36081050201,"4050201",0,0,0
36081050202,"4050202",0,0,0
36081050400,"4050400",0,0,0
36081050600,"4050600",0,0,0
36081050800,"4050800",0,0,0
36081051000,"4051000",0,0,0
36081051200,"4051200",0,0,0
36081051300,"4051300",0,0,0
36081051600,"4051600",0,0,0
36081051700,"4051700",0,0,0
36081051800,"4051800",0,0,0
36081052000,"4052000",0,0,0
36081052100,"4052100",0,0,0
36081052200,"4052200",0,0,0
36081052400,"4052400",0,0,0
36081052600,"4052600",0,0,0
36081052800,"4052800",0,0,0
36081053000,"4053000",0,0,0
36081053100,"4053100",0,0,0
36081053200,"4053200",0,0,0
36081053601,"4053601",0,0,0
36081053800,"4053800",0,0,0
36081053901,"4053901",0,0,1
36081053902,"4053902",0,0,0
36081054000,"4054000",0,0,0
36081054200,"4054200",0,0,0
36081054500,"4054500",0,0,0
36081054700,"4054700",0,0,0
36081054800,"4054800",0,0,0
36081054900,"4054900",0,0,0
36081055100,"4055100",0,0,0
36081055300,"4055300",0,0,0
36081055400,"4055400",0,0,0
36081055500,"4055500",0,0,0
36081055600,"4055600",0,0,0
36081055700,"4055700",0,0,0
36081055800,"4055800",0,0,0
36081055900,"4055900",0,0,0
36081056100,"4056100",0,0,0
36081056200,"4056200",0,0,0
36081056500,"4056500",0,0,0
36081056600,"4056600",0,0,0
36081056700,"4056700",0,0,0
36081057700,"4057700",0,0,0
36081057900,"4057900",0,0,0
36081058200,"4058200",0,0,0
36081058500,"4058500",0,0,0
36081058700,"4058700",0,0,0
36081058900,"4058900",0,0,0
36081059000,"4059000",0,0,0
36081059100,"4059100",0,0,0
36081059300,"4059300",0,0,0
36081059501,"4059501",0,0,0
36081059900,"4059900",0,0,0
36081060600,"4060600",0,0,0
36081060800,"4060800",0,0,0
36081061000,"4061000",0,0,0
36081061200,"4061200",0,0,0
36081061302,"4061302",0,0,0
36081061400,"4061400",0,0,0
36081061601,"4061601",0,0,0
36081061800,"4061800",0,0,0
36081061900,"4061900",0,0,0
36081062300,"4062300",0,0,0
36081062500,"4062500",0,0,0
36081062600,"4062600",0,0,0
36081062700,"4062700",0,0,0
36081062900,"4062900",0,0,0
36081063200,"4063200",0,0,0
36081063301,"4063301",0,0,0
36081064101,"4064101",0,0,1
36081064500,"4064500",1,1,0
36081064600,"4064600",0,0,0
36081065000,"4065000",0,0,0
36081065401,"4065401",0,0,0
36081065402,"4065402",0,0,0
36081065600,"4065600",0,0,0
36081065702,"4065702",0,0,0
36081065703,"4065703",0,0,0
36081066000,"4066000",0,0,0
36081066301,"4066301",0,0,0
36081066302,"4066302",0,0,0
36081066402,"4066402",0,0,0
36081066403,"4066403",0,0,0
36081066701,"4066701",0,0,0
36081067100,"4067100",0,0,0
36081067700,"4067700",0,0,0
36081068200,"4068200",0,0,0
36081068300,"4068300",0,0,0
36081069300,"4069300",0,0,0
36081069500,"4069500",0,0,0
36081069701,"4069701",0,0,0
36081070700,"4070700",1,1,0
36081071303,"4071303",1,1,0
36081071304,"4071304",1,1,0
36081071305,"4071305",0,0,1
36081071701,"4071701",0,0,1
36081071900,"4071900",1,1,0
36081072100,"4072100",1,1,0
36081072300,"4072300",0,0,1
36081072900,"4072900",1,1,0
36081073700,"4073700",0,0,1
36081073900,"4073900",1,1,0
36081074100,"4074100",1,1,0
36081074300,"4074300",1,1,0
36081074500,"4074500",1,1,0
36081074700,"4074700",1,1,0
36081075701,"4075701",0,0,1
36081075702,"4075702",1,1,0
36081077902,"4077902",1,1,0
36081077903,"4077903",0,0,1
36081077904,"4077904",0,0,1
36081077906,"4077906",0,0,1
36081077907,"4077907",0,0,1
36081077908,"4077908",0,0,0
36081078800,"4078800",0,0,0
36081079000,"4079000",0,0,0
36081079200,"4079200",0,0,0
36081079300,"4079300",0,0,1
36081079701,"4079701",0,0,1
36081079702,"4079702",1,1,0
36081079900,"4079900",1,1,0
36081080301,"4080301",1,1,0
36081080302,"4080302",1,1,0
36081081800,"4081800",0,0,0
36081083700,"4083700",1,1,0
36081083800,"4083800",0,0,0
36081084000,"4084000",0,0,0
36081084500,"4084500",0,0,1
36081084601,"4084601",0,0,0
36081084901,"4084901",1,1,0
36081084902,"4084902",1,1,0
36081085700,"4085700",1,1,0
36081085900,"4085900",0,0,1
36081086400,"4086400",0,0,0
36081086500,"4086500",1,1,0
36081086900,"4086900",1,1,0
36081087100,"4087100",1,1,0
36081088902,"4088902",1,1,0
36081088903,"4088903",1,1,0
36081089202,"4089202",0,0,0
36081091602,"4091602",0,0,0
36081091603,"4091603",0,0,0
36081091604,"4091604",0,0,0
36081091800,"4091800",0,0,0
36081092200,"4092200",0,0,0
36081092500,"4092500",0,0,0
36081092800,"4092800",0,0,0
36081092900,"4092900",0,0,0
36081093401,"4093401",0,0,0
36081093402,"4093402",0,0,0
36081093800,"4093800",0,0,0
36081094203,"4094203",0,0,0
36081094500,"4094500",0,0,1
36081094700,"4094700",0,0,0
36081097204,"4097204",0,0,0
36081097205,"4097205",0,0,0
36081097206,"4097206",0,0,0
36081097207,"4097207",0,0,0
36081099703,"4099703",0,0,0
36081099704,"4099704",0,0,0
36081099801,"4099801",0,0,0
36081099802,"4099802",0,0,0
36081099900,"4099900",0,0,0
36081100801,"4100801",0,0,0
36081100803,"4100803",0,0,0
36081100804,"4100804",0,0,0
36081101002,"4101002",0,0,0
36081101003,"4101003",0,0,0
36081101004,"4101004",0,0,0
36081103300,"4103300",0,0,1
36081103900,"4103900",0,0,1
36081104700,"4104700",1,1,0
36081105900,"4105900",1,1,0
36081108500,"4108500",0,0,0
36081109300,"4109300",0,0,0
36081109700,"4109700",0,0,0
36081109900,"4109900",0,0,0
36081113300,"4113300",0,0,0
36081113900,"4113900",0,0,0
36081114100,"4114100",0,0,1
36081114700,"4114700",0,0,1
36081115100,"4115100",1,1,0
36081115500,"4115500",1,1,0
36081115700,"4115700",1,1,0
36081115900,"4115900",1,1,0
36081116100,"4116100",1,1,0
36081116301,"4116301",1,1,0
36081117100,"4117100",1,1,0
36081117500,"4117500",0,0,1
36081118100,"4118100",0,0,0
36081118500,"4118500",0,0,1
36081118700,"4118700",1,1,0
36081119100,"4119100",0,0,1
36081119300,"4119300",0,0,0
36081119500,"4119500",0,0,0
36081119900,"4119900",0,0,0
36081120300,"4120300",0,0,1
36081120500,"4120500",0,0,1
36081120701,"4120701",0,0,0
36081120702,"4120702",0,0,0
36081121500,"4121500",0,0,1
36081122300,"4122300",0,0,0
36081122703,"4122703",0,0,0
36081122704,"4122704",0,0,0
36081124100,"4124100",0,0,0
36081124700,"4124700",0,0,0
36081126500,"4126500",0,0,0
36081129102,"4129102",0,0,0
36081129104,"4129104",0,0,0
36081133900,"4133900",0,0,0
36081134100,"4134100",0,0,0
36081134701,"4134701",0,0,0
36081134702,"4134702",0,0,0
36081136700,"4136700",0,0,0
36081137700,"4137700",0,0,0
36081138501,"4138501",0,0,0
36081140300,"4140300",0,0,0
36081140901,"4140901",0,0,0
36081140902,"4140902",0,0,0
36081142900,"4142900",0,0,0
36081144100,"4144100",0,0,0
36081144700,"4144700",0,0,0
36081145101,"4145101",0,0,0
36081145102,"4145102",0,0,0
36081145900,"4145900",0,0,0
36081146300,"4146300",0,0,0
36081146700,"4146700",0,0,0
36081147100,"4147100",0,0,0
36081147900,"4147900",0,0,0
36081150701,"4150701",0,0,0
36081150702,"4150702",0,0,0
36081152902,"4152902",0,0,0
36081155101,"4155101",0,0,0
36081155103,"4155103",0,0,0
36081155104,"4155104",0,0,0
36081157902,"4157902",0,0,0
36005036100,"2036100",0,0,0
36005012701,"2012701",0,0,0
36005015900,"2015900",0,0,0
36005020502,"2020502",0,0,1
36005039902,"2039902",0,0,0
36005000400,"2000400",0,0,1
36081093900,"4093900",0,0,0
36005042600,"2042600",0,0,0
36061003800,"1003800",1,1,0
36061001001,"1001001",0,0,1
36061001502,"1001502",0,0,1
36061004800,"1004800",1,1,0
36061004400,"1004400",0,0,1
36061006400,"1006400",0,0,1
36061022900,"1022900",0,0,0
36061017800,"1017800",0,0,1
36061000500,"1000500",0,0,1
36081094201,"4094201",0,0,0
36081094202,"4094202",0,0,0
36081111300,"4111300",0,0,0
36081148300,"4148300",0,0,0
36081080900,"4080900",1,1,0
36081122702,"4122702",0,0,1
36081125700,"4125700",0,0,0
36081126700,"4126700",0,0,0
36081139900,"4139900",0,0,0
36081143500,"4143500",0,0,0
36081157901,"4157901",0,0,0
36081157903,"4157903",0,0,0
36081042400,"4042400",0,0,0
36081043400,"4043400",0,0,0
36081042600,"4042600",0,0,0
36081043200,"4043200",0,0,0
36081045200,"4045200",0,0,0
36081045400,"4045400",0,0,0
36081005900,"4005900",0,0,1
36081006100,"4006100",0,0,1
36081058100,"4058100",0,0,0
36081058300,"4058300",0,0,0
36061023501,"1023501",0,0,1
36081047900,"4047900",0,0,0
36081062400,"4062400",0,0,0
36081062000,"4062000",0,0,0
36081063000,"4063000",0,0,0
36005019300,"2019300",0,0,0
36061022302,"1022302",0,0,0
36081133300,"4133300",0,0,0
36061012400,"1012400",0,0,0
36005021200,"2021200",0,0,0
36005022200,"2022200",0,0,0
36081065501,"4065501",0,0,1
36061027900,"1027900",0,0,1
36061028300,"1028300",0,0,1
36061028500,"1028500",0,0,1
36061014401,"1014401",1,1,0
36061001600,"1001600",1,1,0
36081037100,"4037100",0,0,1
36061001200,"1001200",0,0,1
36081112300,"4112300",0,0,0
36081112900,"4112900",0,0,0
36005042901,"2042901",0,0,0
36005043102,"2043102",0,0,0
36081026300,"4026300",0,0,0
36081005400,"4005400",0,0,0
36081008600,"4008600",0,0,0
36081066401,"4066401",0,0,0
36081066900,"4066900",0,0,0
36081030600,"4030600",0,0,0
36081048500,"4048500",0,0,0
36081012500,"4012500",0,0,1
36005038900,"2038900",0,0,0
36005029301,"2029301",0,0,0
36081013000,"4013000",0,0,1
36081073100,"4073100",0,0,1
36081074900,"4074900",0,0,0
36005042500,"2042500",0,0,0
36081026502,"4026502",0,0,0
36081026501,"4026501",0,0,0
36081048301,"4048301",0,0,0
36005002800,"2002800",0,0,0
36081066100,"4066100",0,0,0
36081065900,"4065900",0,0,0
36081066501,"4066501",0,0,0
36005020000,"2020000",0,0,0
36005025600,"2025600",0,0,0
36081102900,"4102900",0,0,0
36081097300,"4097300",0,0,0
36081060100,"4060100",0,0,0
36081063302,"4063302",0,0,1
36081063500,"4063500",0,0,1
36081062100,"4062100",0,0,1
36081063700,"4063700",1,1,0
36081077500,"4077500",0,0,1
36005039700,"2039700",0,0,0
36005039300,"2039300",0,0,0
36005029700,"2029700",0,0,0
36081063900,"4063900",0,0,1
36081046300,"4046300",0,0,0
36081047100,"4047100",0,0,0
36005035000,"2035000",0,0,0
36005035800,"2035800",0,0,0
36081024900,"4024900",0,0,0
36081026100,"4026100",0,0,0
36061021000,"1021000",0,0,0
36061021200,"1021200",0,0,1
36005027600,"2027600",0,0,0
36061015502,"1015502",0,0,0
36081010701,"4010701",0,0,1
36081012301,"4012301",0,0,1
36005037800,"2037800",0,0,0
36081085300,"4085300",1,1,0
36005026900,"2026900",0,0,0
36081161700,"4161700",0,0,0
36081035700,"4035700",1,1,0
36081099701,"4099701",0,0,0
36081101700,"4101700",0,0,1
36005023702,"2023702",0,0,0
36005039901,"2039901",0,0,0
36005040100,"2040100",0,0,0
36005016900,"2016900",0,0,0
36081085500,"4085500",1,1,0
36081086300,"4086300",1,1,0
36061030700,"1030700",0,0,0
36005014702,"2014702",0,0,0
36081028803,"4028803",0,0,0
36081029400,"4029400",0,0,0
36005014300,"2014300",0,0,0
36005018501,"2018501",0,0,0
36081004401,"4004401",0,0,0
36081005800,"4005800",0,0,0
36061020101,"1020101",0,0,1
36061020300,"1020300",0,0,1
36081116302,"4116302",1,1,0
36081116700,"4116700",1,1,0
36081090700,"4090700",0,0,1
36081091900,"4091900",0,0,0
36081000103,"4000103",1,1,0
36081029700,"4029700",0,0,0
36061018500,"1018500",1,1,0
36081022900,"4022900",0,0,0
36081051500,"4051500",0,0,0
36081000102,"4000102",1,1,0
36061018900,"1018900",1,1,0
36061019100,"1019100",0,0,1
36081030906,"4030906",0,0,0
36061013700,"1013700",0,0,1
36061013900,"1013900",0,0,1
36061014500,"1014500",0,0,0
36061027700,"1027700",0,0,0
36081010600,"4010600",0,0,0
36081016600,"4016600",0,0,0
36061001002,"1001002",0,0,0
36005003300,"2003300",0,0,1
36081056000,"4056000",0,0,0
36081097202,"4097202",0,0,0
36081099200,"4099200",0,0,0
36081045800,"4045800",0,0,0
36081046200,"4046200",0,0,0
36081046600,"4046600",0,0,0
36061022700,"1022700",0,0,0
36061025900,"1025900",0,0,0
36061006000,"1006000",0,0,0
36005001901,"2001901",1,1,0
36081015500,"4015500",0,0,0
36081015900,"4015900",0,0,0
36061002000,"1002000",0,0,1
36005009000,"2009000",0,0,0
36005009800,"2009800",0,0,1
36081000101,"4000101",1,1,0
36081107201,"4107201",0,0,0
36081107202,"4107202",0,0,0
36005020100,"2020100",0,0,1
36005020501,"2020501",1,1,0
36061009901,"1009901",1,1,0
36061014601,"1014601",0,0,1
36061014602,"1014602",0,0,1
36061014802,"1014802",0,0,1
36061026100,"1026100",0,0,0
36061025300,"1025300",0,0,1
36061026300,"1026300",0,0,0
36061019800,"1019800",0,0,0
36061019000,"1019000",0,0,1
36061020000,"1020000",0,0,1
36061027300,"1027300",0,0,1
36061027500,"1027500",0,0,1
36061000700,"1000700",1,1,0
36061000900,"1000900",1,1,0
36061003001,"1003001",1,1,0
36061005900,"1005900",1,1,0
36061006100,"1006100",1,1,0
36061005000,"1005000",1,1,0
36061010601,"1010601",0,0,0
36061012800,"1012800",0,0,0
36061004700,"1004700",1,1,0
36061004900,"1004900",1,1,0
36061013203,"1013203",0,0,1
36061013400,"1013400",0,0,1
36061011000,"1011000",0,0,0
36061013800,"1013800",0,0,1
36061014000,"1014000",0,0,0
36061013603,"1013603",1,1,0
36061013604,"1013604",1,1,0
36061014402,"1014402",1,1,0
36061014200,"1014200",0,0,0
36061002202,"1002202",0,0,1
36061003002,"1003002",0,0,1
36061018200,"1018200",0,0,0
36061018800,"1018800",0,0,0
36061017900,"1017900",1,1,0
36061018300,"1018300",1,1,0
36081045500,"4045500",0,0,1
36081071702,"4071702",0,0,1
36005006700,"2006700",0,0,1
36005006900,"2006900",0,0,0
36005038304,"2038304",0,0,0
36005036502,"2036502",0,0,0
36005036700,"2036700",0,0,0
36005002001,"2002001",0,0,0
36005002400,"2002400",0,0,0
36005007700,"2007700",0,0,0
36061023000,"1023000",0,0,0
36061023200,"1023200",0,0,0
36005043502,"2043502",0,0,0
36005043503,"2043503",0,0,0
36005022401,"2022401",0,0,0
36081095400,"4095400",0,0,0
36081096400,"4096400",0,0,0
36061020901,"1020901",0,0,1
36061025700,"1025700",0,0,1
36061019701,"1019701",1,1,0
36061020102,"1020102",1,1,0
36005015500,"2015500",0,0,1
36005038500,"2038500",0,0,0
36005039500,"2039500",0,0,0
36005028300,"2028300",0,0,0
36005028500,"2028500",0,0,0
36061006600,"1006600",0,0,0
36061005600,"1005600",1,1,0
36061007400,"1007400",1,1,0
36081009100,"4009100",0,0,1
36061015200,"1015200",1,1,0
36081033100,"4033100",0,0,0
36081076901,"4076901",0,0,1
36081076902,"4076902",0,0,0
36081029900,"4029900",0,0,0
36081031700,"4031700",0,0,1
36061002500,"1002500",0,0,1
36005027401,"2027401",0,0,0
36005027402,"2027402",0,0,0
36081071306,"4071306",0,0,1
36061016700,"1016700",0,0,0
36081000104,"4000104",1,1,0
36081129103,"4129103",0,0,0
36061023300,"1023300",0,0,0
36061023700,"1023700",0,0,1
36005041400,"2041400",0,0,0
36005041800,"2041800",0,0,0
36081053501,"4053501",0,0,0
36081052500,"4052500",0,0,0
36081059502,"4059502",0,0,0
36005016500,"2016500",0,0,0
36005016700,"2016700",0,0,0
36081002500,"4002500",0,0,1
36061021400,"1021400",0,0,0
36061023600,"1023600",0,0,0
36005041100,"2041100",0,0,0
36005041300,"2041300",0,0,0
36005030202,"2030202",0,0,0
36005046205,"2046205",0,0,0
36081157101,"4157101",0,0,0
36081157102,"4157102",0,0,0
36005043501,"2043501",0,0,0
36005045101,"2045101",0,0,0
36081000701,"4000701",0,0,1
36081001901,"4001901",1,1,0
36061012902,"1012902",0,0,1
36061013501,"1013501",0,0,1
36061013502,"1013502",0,0,0
36005014500,"2014500",0,0,0
36005014701,"2014701",0,0,0
36081001903,"4001903",1,1,0
36081003301,"4003301",0,0,1
36061011500,"1011500",0,0,1
36081008800,"4008800",0,0,0
36081006202,"4006202",0,0,0
36061015900,"1015900",0,0,0
36061016300,"1016300",0,0,0
36085000300,"5000300",1,1,0
36085000600,"5000600",0,0,1
36085000700,"5000700",1,1,0
36085000800,"5000800",0,0,1
36085000900,"5000900",0,0,1
36085001100,"5001100",0,0,1
36085001700,"5001700",0,0,1
36085002001,"5002001",0,0,0
36085002100,"5002100",1,1,0
36085002700,"5002700",1,1,0
36085002900,"5002900",1,1,0
36085003300,"5003300",0,0,1
36085003600,"5003600",0,0,1
36085003900,"5003900",0,0,1
36085004001,"5004001",1,1,0
36085004002,"5004002",1,1,0
36085004003,"5004003",1,1,0
36085004004,"5004004",1,1,0
36085004700,"5004700",1,1,0
36085005000,"5005000",0,0,1
36085005902,"5005902",1,1,0
36085006400,"5006400",0,0,0
36085006700,"5006700",1,1,0
36085007001,"5007001",0,0,0
36085007002,"5007002",0,0,0
36085007400,"5007400",0,0,0
36085008100,"5008100",1,1,0
36085009601,"5009601",0,0,0
36085009602,"5009602",0,0,0
36085009701,"5009701",0,0,0
36085009702,"5009702",0,0,1
36085010500,"5010500",0,0,1
36085011201,"5011201",0,0,0
36085011203,"5011203",0,0,0
36085011401,"5011401",0,0,0
36085011402,"5011402",0,0,0
36085012100,"5012100",0,0,1
36085012200,"5012200",0,0,0
36085012805,"5012805",0,0,0
36085012806,"5012806",0,0,0
36085013301,"5013301",0,0,0
36085013302,"5013302",0,0,0
36085013400,"5013400",0,0,0
36085014607,"5014607",0,0,0
36085014608,"5014608",0,0,0
36085015100,"5015100",0,0,0
36085015400,"5015400",0,0,0
36085015601,"5015601",0,0,0
36085015602,"5015602",0,0,0
36085016901,"5016901",0,0,1
36085017005,"5017005",0,0,0
36085017007,"5017007",0,0,0
36085017009,"5017009",0,0,0
36085017011,"5017011",0,0,0
36085017012,"5017012",0,0,0
36085017013,"5017013",0,0,0
36085017014,"5017014",0,0,0
36085017015,"5017015",0,0,0
36085017300,"5017300",0,0,0
36085017701,"5017701",0,0,1
36085017702,"5017702",0,0,0
36085018100,"5018100",0,0,0
36085018701,"5018701",0,0,0
36085018703,"5018703",0,0,0
36085018704,"5018704",0,0,0
36085018901,"5018901",0,0,0
36085018902,"5018902",0,0,0
36085019700,"5019700",0,0,0
36085020100,"5020100",0,0,0
36085020701,"5020701",0,0,0
36085020702,"5020702",0,0,0
36085020804,"5020804",0,0,0
36085020805,"5020805",0,0,0
36085020806,"5020806",0,0,0
36085022300,"5022300",0,0,0
36085022601,"5022601",0,0,0
36085022801,"5022801",0,0,0
36085023100,"5023100",0,0,0
36085023900,"5023900",0,0,0
36085024401,"5024401",0,0,0
36085024402,"5024402",0,0,0
36085025100,"5025100",0,0,0
36085027301,"5027301",0,0,0
36085027302,"5027302",0,0,0
36085027702,"5027702",0,0,0
36085027704,"5027704",0,0,0
36085027705,"5027705",0,0,0
36085027706,"5027706",0,0,0
36085027900,"5027900",0,0,0
36085029105,"5029105",0,0,0
36085030302,"5030302",0,0,0
36085031902,"5031902",0,0,0
36085990100,"5990100",NA,NA,0
36047000100,"3000100",0,0,1
36047000200,"3000200",0,0,1
36047000301,"3000301",1,1,0
36047000501,"3000501",1,1,0
36047000502,"3000502",0,0,1
36047000700,"3000700",1,1,0
36047000900,"3000900",1,1,0
36047001100,"3001100",1,1,0
36047001502,"3001502",0,0,1
36047001802,"3001802",1,1,0
36047001803,"3001803",1,1,0
36047001804,"3001804",1,1,0
36047002000,"3002000",0,0,1
36047002200,"3002200",0,0,1
36047002901,"3002901",1,1,0
36047003000,"3003000",0,0,1
36047003101,"3003101",1,1,0
36047003102,"3003102",1,1,0
36047003300,"3003300",1,1,0
36047003400,"3003400",0,0,1
36047003500,"3003500",1,1,0
36047003600,"3003600",0,0,0
36047003700,"3003700",1,1,0
36047003800,"3003800",0,0,0
36047003900,"3003900",1,1,0
36047004100,"3004100",1,1,0
36047004300,"3004300",1,1,0
36047004400,"3004400",0,0,0
36047004500,"3004500",1,1,0
36047004600,"3004600",0,0,0
36047004700,"3004700",0,0,1
36047004900,"3004900",1,1,0
36047005000,"3005000",0,0,0
36047005201,"3005201",0,0,0
36047005202,"3005202",0,0,0
36047005301,"3005301",1,1,0
36047005303,"3005303",1,1,0
36047005400,"3005400",0,0,0
36047005601,"3005601",0,0,0
36047005602,"3005602",0,0,0
36047005800,"3005800",0,0,0
36047006000,"3006000",0,0,0
36047006200,"3006200",0,0,0
36047006400,"3006400",0,0,0
36047006500,"3006500",0,0,1
36047006600,"3006600",0,0,0
36047006700,"3006700",0,0,1
36047006800,"3006800",0,0,0
36047006901,"3006901",1,1,0
36047006902,"3006902",1,1,0
36047007000,"3007000",0,0,0
36047007100,"3007100",1,1,0
36047007200,"3007200",0,0,0
36047007400,"3007400",0,0,0
36047007600,"3007600",0,0,0
36047007800,"3007800",0,0,1
36047008000,"3008000",1,1,0
36047008200,"3008200",0,0,1
36047008400,"3008400",0,0,1
36047008500,"3008500",1,1,0
36047008600,"3008600",0,0,1
36047008800,"3008800",0,0,0
36047009001,"3009001",0,0,0
36047009002,"3009002",0,0,0
36047009201,"3009201",0,0,1
36047009202,"3009202",0,0,0
36047009401,"3009401",0,0,1
36047009402,"3009402",0,0,0
36047009600,"3009600",1,1,0
36047009800,"3009800",0,0,1
36047010000,"3010000",0,0,0
36047010200,"3010200",0,0,0
36047010401,"3010401",0,0,0
36047010402,"3010402",0,0,0
36047010601,"3010601",0,0,0
36047010602,"3010602",0,0,0
36047010801,"3010801",0,0,1
36047010802,"3010802",0,0,0
36047011000,"3011000",0,0,1
36047011200,"3011200",0,0,0
36047011400,"3011400",0,0,0
36047011600,"3011600",0,0,0
36047011800,"3011800",0,0,0
36047011901,"3011901",0,0,1
36047011902,"3011902",0,0,1
36047012000,"3012000",0,0,0
36047012100,"3012100",0,0,1
36047012200,"3012200",0,0,0
36047012600,"3012600",0,0,0
36047012700,"3012700",0,0,1
36047012801,"3012801",0,0,0
36047012901,"3012901",1,1,0
36047012902,"3012902",1,1,0
36047013000,"3013000",0,0,0
36047013100,"3013100",1,1,0
36047013200,"3013200",0,0,0
36047013300,"3013300",1,1,0
36047013400,"3013400",0,0,0
36047013500,"3013500",1,1,0
36047013600,"3013600",0,0,0
36047013700,"3013700",0,0,1
36047013800,"3013800",0,0,0
36047013900,"3013900",1,1,0
36047014000,"3014000",0,0,0
36047014200,"3014200",0,0,0
36047014700,"3014700",0,0,1
36047014800,"3014800",0,0,0
36047014901,"3014901",1,1,0
36047014902,"3014902",1,1,0
36047015000,"3015000",0,0,0
36047015100,"3015100",0,0,1
36047015200,"3015200",0,0,0
36047015300,"3015300",0,0,1
36047015400,"3015400",0,0,0
36047015500,"3015500",0,0,1
36047015700,"3015700",0,0,1
36047015900,"3015900",1,1,0
36047016000,"3016000",0,0,0
36047016100,"3016100",1,1,0
36047016300,"3016300",1,1,0
36047016500,"3016500",0,0,1
36047016600,"3016600",0,0,0
36047016700,"3016700",0,0,1
36047016800,"3016800",0,0,0
36047016900,"3016900",0,0,1
36047017000,"3017000",0,0,0
36047017200,"3017200",0,0,0
36047017400,"3017400",0,0,0
36047017500,"3017500",0,0,1
36047017600,"3017600",0,0,0
36047017800,"3017800",0,0,0
36047017900,"3017900",1,1,0
36047018000,"3018000",0,0,0
36047018100,"3018100",1,1,0
36047018200,"3018200",0,0,0
36047018300,"3018300",1,1,0
36047018400,"3018400",0,0,0
36047018501,"3018501",1,1,0
36047018600,"3018600",0,0,0
36047018700,"3018700",1,1,0
36047018800,"3018800",0,0,0
36047019000,"3019000",0,0,0
36047019100,"3019100",1,1,0
36047019200,"3019200",0,0,0
36047019300,"3019300",0,0,1
36047019400,"3019400",0,0,0
36047019500,"3019500",1,1,0
36047019600,"3019600",0,0,0
36047019700,"3019700",0,0,1
36047019800,"3019800",0,0,0
36047019900,"3019900",1,1,0
36047020000,"3020000",0,0,0
36047020100,"3020100",1,1,0
36047020200,"3020200",0,0,0
36047020300,"3020300",1,1,0
36047020400,"3020400",0,0,0
36047020500,"3020500",1,1,0
36047020600,"3020600",0,0,0
36047020700,"3020700",1,1,0
36047020800,"3020800",0,0,0
36047021000,"3021000",0,0,0
36047021100,"3021100",0,0,1
36047021200,"3021200",0,0,0
36047021300,"3021300",0,0,1
36047021400,"3021400",0,0,0
36047021500,"3021500",1,1,0
36047021600,"3021600",0,0,0
36047021700,"3021700",0,0,1
36047021800,"3021800",0,0,0
36047021900,"3021900",0,0,1
36047022000,"3022000",0,0,0
36047022100,"3022100",1,1,0
36047022200,"3022200",0,0,1
36047022400,"3022400",0,0,1
36047022600,"3022600",1,1,0
36047022700,"3022700",1,1,0
36047022800,"3022800",1,1,0
36047022900,"3022900",1,1,0
36047023000,"3023000",1,1,0
36047023100,"3023100",1,1,0
36047023200,"3023200",1,1,0
36047023300,"3023300",1,1,0
36047023400,"3023400",0,0,1
36047023500,"3023500",0,0,1
36047023600,"3023600",0,0,0
36047023800,"3023800",0,0,0
36047024000,"3024000",0,0,0
36047024100,"3024100",0,0,1
36047024200,"3024200",0,0,0
36047024300,"3024300",1,1,0
36047024400,"3024400",0,0,0
36047024500,"3024500",1,1,0
36047024600,"3024600",0,0,0
36047024700,"3024700",1,1,0
36047024800,"3024800",0,0,0
36047024900,"3024900",1,1,0
36047025000,"3025000",0,0,0
36047025100,"3025100",1,1,0
36047025200,"3025200",0,0,0
36047025300,"3025300",0,0,1
36047025400,"3025400",0,0,0
36047025500,"3025500",0,0,0
36047025600,"3025600",0,0,0
36047025700,"3025700",0,0,0
36047025800,"3025800",0,0,0
36047025901,"3025901",0,0,0
36047025902,"3025902",0,0,0
36047026000,"3026000",0,0,0
36047026100,"3026100",0,0,1
36047026200,"3026200",0,0,0
36047026300,"3026300",1,1,0
36047026400,"3026400",0,0,0
36047026500,"3026500",1,1,0
36047026600,"3026600",0,0,0
36047026700,"3026700",1,1,0
36047026800,"3026800",0,0,0
36047026900,"3026900",1,1,0
36047027000,"3027000",0,0,0
36047027100,"3027100",1,1,0
36047027200,"3027200",0,0,0
36047027300,"3027300",0,0,1
36047027400,"3027400",0,0,0
36047027500,"3027500",0,0,1
36047027600,"3027600",0,0,0
36047027700,"3027700",1,1,0
36047027800,"3027800",0,0,0
36047027900,"3027900",1,1,0
36047028000,"3028000",0,0,0
36047028100,"3028100",0,0,1
36047028200,"3028200",0,0,0
36047028300,"3028300",0,0,0
36047028400,"3028400",0,0,0
36047028501,"3028501",0,0,0
36047028502,"3028502",0,0,0
36047028600,"3028600",0,0,0
36047028700,"3028700",0,0,0
36047028800,"3028800",0,0,0
36047029000,"3029000",0,0,0
36047029100,"3029100",0,0,1
36047029200,"3029200",0,0,0
36047029300,"3029300",0,0,1
36047029400,"3029400",0,0,0
36047029500,"3029500",0,0,1
36047029600,"3029600",0,0,0
36047029700,"3029700",0,0,1
36047029800,"3029800",0,0,0
36047029900,"3029900",0,0,1
36047030000,"3030000",0,0,0
36047030100,"3030100",0,0,1
36047030200,"3030200",0,0,0
36047030300,"3030300",0,0,0
36047030400,"3030400",0,0,0
36047030500,"3030500",1,1,0
36047030600,"3030600",0,0,0
36047030700,"3030700",0,0,1
36047030800,"3030800",0,0,0
36047030900,"3030900",0,0,1
36047031100,"3031100",0,0,1
36047031300,"3031300",1,1,0
36047031401,"3031401",0,0,0
36047031402,"3031402",0,0,0
36047031500,"3031500",1,1,0
36047031701,"3031701",1,1,0
36047031702,"3031702",0,0,1
36047031900,"3031900",0,0,0
36047032100,"3032100",0,0,0
36047032300,"3032300",0,0,0
36047032500,"3032500",0,0,0
36047032600,"3032600",0,0,0
36047032800,"3032800",0,0,0
36047032900,"3032900",0,0,0
36047033000,"3033000",0,0,0
36047033100,"3033100",0,0,0
36047033300,"3033300",0,0,0
36047033500,"3033500",0,0,0
36047033600,"3033600",0,0,0
36047033701,"3033701",0,0,0
36047033702,"3033702",0,0,0
36047033900,"3033900",0,0,1
36047034000,"3034000",0,0,0
36047034100,"3034100",0,0,1
36047034200,"3034200",0,0,0
36047034300,"3034300",0,0,1
36047034500,"3034500",0,0,0
36047034700,"3034700",0,0,0
36047034800,"3034800",0,0,0
36047034901,"3034901",0,0,0
36047034902,"3034902",0,0,0
36047035000,"3035000",0,0,0
36047035101,"3035101",0,0,0
36047035102,"3035102",0,0,0
36047035200,"3035200",0,0,0
36047035301,"3035301",0,0,0
36047035302,"3035302",0,0,0
36047035500,"3035500",0,0,0
36047035601,"3035601",0,0,0
36047035602,"3035602",0,0,0
36047035701,"3035701",0,0,0
36047035702,"3035702",0,0,0
36047035900,"3035900",0,0,0
36047036001,"3036001",0,0,0
36047036002,"3036002",0,0,0
36047036100,"3036100",0,0,0
36047036200,"3036200",0,0,0
36047036300,"3036300",0,0,0
36047036400,"3036400",0,0,0
36047036501,"3036501",0,0,0
36047036900,"3036900",0,0,0
36047037000,"3037000",0,0,0
36047037100,"3037100",0,0,1
36047037300,"3037300",0,0,1
36047037401,"3037401",0,0,0
36047037402,"3037402",0,0,0
36047037500,"3037500",0,0,1
36047037700,"3037700",1,1,0
36047037900,"3037900",1,1,0
36047038100,"3038100",0,0,1
36047038200,"3038200",0,0,0
36047038300,"3038300",0,0,1
36047038500,"3038500",0,0,0
36047038600,"3038600",0,0,0
36047038800,"3038800",0,0,0
36047038900,"3038900",0,0,0
36047039000,"3039000",0,0,0
36047039100,"3039100",0,0,0
36047039200,"3039200",0,0,0
36047039400,"3039400",0,0,0
36047039600,"3039600",0,0,0
36047039700,"3039700",0,0,0
36047039800,"3039800",0,0,0
36047039900,"3039900",0,0,0
36047040000,"3040000",0,0,0
36047040100,"3040100",0,0,0
36047040200,"3040200",0,0,0
36047040300,"3040300",0,0,0
36047040400,"3040400",0,0,0
36047040500,"3040500",0,0,0
36047040600,"3040600",0,0,0
36047040700,"3040700",0,0,0
36047040800,"3040800",0,0,0
36047040900,"3040900",0,0,0
36047041000,"3041000",0,0,0
36047041100,"3041100",0,0,0
36047041200,"3041200",0,0,0
36047041300,"3041300",0,0,0
36047041401,"3041401",0,0,0
36047041402,"3041402",0,0,0
36047041500,"3041500",0,0,0
36047041600,"3041600",0,0,0
36047041700,"3041700",0,0,0
36047041800,"3041800",0,0,0
36047041900,"3041900",0,0,0
36047042000,"3042000",0,0,0
36047042100,"3042100",0,0,0
36047042200,"3042200",0,0,0
36047042300,"3042300",0,0,0
36047042400,"3042400",0,0,0
36047042500,"3042500",0,0,0
36047042600,"3042600",0,0,0
36047042700,"3042700",0,0,0
36047042800,"3042800",0,0,0
36047042900,"3042900",0,0,0
36047043000,"3043000",0,0,0
36047043100,"3043100",0,0,0
36047043200,"3043200",0,0,0
36047043300,"3043300",0,0,0
36047043400,"3043400",0,0,0
36047043500,"3043500",0,0,0
36047043600,"3043600",0,0,0
36047043700,"3043700",0,0,0
36047043800,"3043800",0,0,0
36047043900,"3043900",0,0,0
36047044000,"3044000",0,0,0
36047044100,"3044100",0,0,0
36047044200,"3044200",0,0,0
36047044300,"3044300",0,0,0
36047044400,"3044400",0,0,0
36047044500,"3044500",0,0,0
36047044600,"3044600",0,0,0
36047044700,"3044700",0,0,1
36047044800,"3044800",0,0,0
36047044901,"3044901",1,1,0
36047044902,"3044902",1,1,0
36047045000,"3045000",0,0,0
36047045200,"3045200",0,0,0
36047045300,"3045300",0,0,1
36047045400,"3045400",0,0,0
36047045600,"3045600",0,0,1
36047045800,"3045800",0,0,1
36047046000,"3046000",1,1,0
36047046201,"3046201",0,0,1
36047046202,"3046202",0,0,0
36047046400,"3046400",0,0,0
36047046800,"3046800",0,0,0
36047047000,"3047000",0,0,0
36047047200,"3047200",0,0,0
36047047400,"3047400",0,0,0
36047047600,"3047600",0,0,1
36047047700,"3047700",0,0,1
36047047800,"3047800",1,1,0
36047048000,"3048000",0,0,1
36047048100,"3048100",1,1,0
36047048200,"3048200",1,1,0
36047048400,"3048400",1,1,0
36047048500,"3048500",0,0,0
36047048600,"3048600",1,1,0
36047048800,"3048800",1,1,0
36047048900,"3048900",0,0,0
36047049000,"3049000",1,1,0
36047049100,"3049100",0,0,0
36047049200,"3049200",0,0,1
36047049301,"3049301",0,0,0
36047049302,"3049302",0,0,0
36047049400,"3049400",0,0,1
36047049500,"3049500",0,0,1
36047049600,"3049600",0,0,1
36047049700,"3049700",1,1,0
36047049800,"3049800",0,0,1
36047050002,"3050002",0,0,0
36047050300,"3050300",0,0,1
36047050402,"3050402",0,0,0
36047050500,"3050500",0,0,0
36047050700,"3050700",0,0,0
36047050801,"3050801",0,0,0
36047050804,"3050804",0,0,0
36047050900,"3050900",0,0,0
36047051001,"3051001",0,0,0
36047051002,"3051002",0,0,0
36047051100,"3051100",0,0,1
36047051300,"3051300",1,1,0
36047051400,"3051400",0,0,1
36047051601,"3051601",0,0,0
36047051602,"3051602",0,0,0
36047051700,"3051700",1,1,0
36047051800,"3051800",0,0,1
36047051900,"3051900",1,1,0
36047052000,"3052000",1,1,0
36047052300,"3052300",1,1,0
36047052500,"3052500",0,0,1
36047052600,"3052600",1,1,0
36047052700,"3052700",0,0,1
36047052800,"3052800",1,1,0
36047052900,"3052900",0,0,0
36047053000,"3053000",0,0,1
36047053101,"3053101",0,0,0
36047053102,"3053102",0,0,0
36047053200,"3053200",0,0,1
36047053300,"3053300",0,0,0
36047053400,"3053400",0,0,0
36047053500,"3053500",0,0,0
36047053700,"3053700",0,0,1
36047053800,"3053800",0,0,0
36047053900,"3053900",0,0,0
36047054200,"3054200",0,0,1
36047054400,"3054400",0,0,1
36047054600,"3054600",0,0,1
36047054700,"3054700",0,0,0
36047054800,"3054800",0,0,1
36047054900,"3054900",0,0,1
36047055000,"3055000",1,1,0
36047055200,"3055200",1,1,0
36047055300,"3055300",0,0,1
36047055400,"3055400",0,0,1
36047055600,"3055600",0,0,1
36047055700,"3055700",1,1,0
36047055800,"3055800",0,0,1
36047056000,"3056000",0,0,1
36047056100,"3056100",0,0,1
36047056200,"3056200",0,0,1
36047056301,"3056301",0,0,0
36047056400,"3056400",0,0,0
36047056500,"3056500",0,0,0
36047056600,"3056600",0,0,0
36047056800,"3056800",0,0,0
36047056900,"3056900",0,0,1
36047057000,"3057000",0,0,0
36047057100,"3057100",0,0,0
36047057200,"3057200",0,0,0
36047057300,"3057300",0,0,0
36047057400,"3057400",0,0,0
36047057500,"3057500",0,0,0
36047057600,"3057600",0,0,0
36047057800,"3057800",0,0,0
36047058000,"3058000",0,0,0
36047058200,"3058200",0,0,0
36047058400,"3058400",0,0,0
36047058600,"3058600",0,0,0
36047058800,"3058800",0,0,0
36047058901,"3058901",0,0,0
36047058902,"3058902",0,0,1
36047059000,"3059000",0,0,0
36047059100,"3059100",0,0,1
36047059200,"3059200",0,0,0
36047059300,"3059300",0,0,1
36047059402,"3059402",0,0,0
36047059403,"3059403",0,0,0
36047059404,"3059404",0,0,0
36047059600,"3059600",0,0,0
36047059800,"3059800",0,0,0
36047060000,"3060000",0,0,0
36047060600,"3060600",0,0,0
36047060800,"3060800",0,0,0
36047061002,"3061002",0,0,0
36047061003,"3061003",0,0,0
36047061004,"3061004",0,0,0
36047061200,"3061200",0,0,0
36047061600,"3061600",0,0,0
36047062000,"3062000",0,0,0
36047062200,"3062200",0,0,0
36047063200,"3063200",0,0,0
36047063600,"3063600",0,0,0
36047063800,"3063800",0,0,0
36047064000,"3064000",0,0,0
36047064200,"3064200",0,0,0
36047064400,"3064400",0,0,0
36047064600,"3064600",0,0,0
36047064800,"3064800",0,0,0
36047065000,"3065000",0,0,0
36047065200,"3065200",0,0,0
36047065400,"3065400",0,0,0
36047065600,"3065600",0,0,0
36047065800,"3065800",0,0,0
36047066000,"3066000",0,0,0
36047067000,"3067000",0,0,0
36047067200,"3067200",0,0,0
36047067400,"3067400",0,0,0
36047067600,"3067600",0,0,0
36047067800,"3067800",0,0,0
36047068000,"3068000",0,0,0
36047068200,"3068200",0,0,0
36047068600,"3068600",0,0,0
36047068800,"3068800",0,0,0
36047069000,"3069000",0,0,0
36047069200,"3069200",0,0,0
36047069601,"3069601",0,0,0
36047069800,"3069800",0,0,0
36047070000,"3070000",0,0,0
36047070201,"3070201",0,0,0
36047070203,"3070203",0,0,0
36047072000,"3072000",0,0,0
36047072200,"3072200",0,0,0
36047072400,"3072400",0,0,0
36047072600,"3072600",0,0,0
36047072800,"3072800",0,0,0
36047073000,"3073000",0,0,0
36047073200,"3073200",0,0,0
36047073400,"3073400",0,0,0
36047073600,"3073600",0,0,0
36047073800,"3073800",0,0,0
36047074000,"3074000",0,0,0
36047074200,"3074200",0,0,0
36047074400,"3074400",0,0,0
36047074600,"3074600",0,0,0
36047074800,"3074800",0,0,0
36047075000,"3075000",0,0,0
36047075200,"3075200",0,0,0
36047075400,"3075400",0,0,0
36047075600,"3075600",0,0,0
36047075800,"3075800",0,0,0
36047076000,"3076000",0,0,0
36047076200,"3076200",0,0,1
36047076400,"3076400",0,0,1
36047076600,"3076600",0,0,0
36047076800,"3076800",0,0,0
36047077000,"3077000",0,0,0
36047077200,"3077200",0,0,0
36047077400,"3077400",0,0,0
36047077600,"3077600",0,0,0
36047078000,"3078000",0,0,0
36047078200,"3078200",0,0,0
36047078400,"3078400",0,0,0
36047078601,"3078601",0,0,0
36047078602,"3078602",0,0,0
36047078801,"3078801",0,0,0
36047078802,"3078802",0,0,0
36047079001,"3079001",0,0,0
36047079002,"3079002",0,0,0
36047079201,"3079201",0,0,0
36047079202,"3079202",0,0,0
36047079400,"3079400",0,0,0
36047079601,"3079601",0,0,0
36047079602,"3079602",0,0,0
36047079801,"3079801",0,0,0
36047080000,"3080000",0,0,0
36047080200,"3080200",0,0,0
36047080400,"3080400",0,0,0
36047080600,"3080600",0,0,0
36047080800,"3080800",0,0,0
36047081000,"3081000",0,0,0
36047081400,"3081400",0,0,0
36047081600,"3081600",0,0,0
36047081800,"3081800",0,0,0
36047082000,"3082000",0,0,0
36047082200,"3082200",0,0,0
36047082400,"3082400",0,0,0
36047082600,"3082600",0,0,0
36047082800,"3082800",0,0,0
36047083000,"3083000",0,0,0
36047083200,"3083200",0,0,0
36047083400,"3083400",0,0,0
36047083600,"3083600",0,0,0
36047083800,"3083800",0,0,0
36047084000,"3084000",0,0,0
36047084600,"3084600",0,0,0
36047084800,"3084800",0,0,0
36047085000,"3085000",0,0,0
36047085200,"3085200",0,0,0
36047085400,"3085400",0,0,0
36047085600,"3085600",0,0,0
36047085800,"3085800",0,0,0
36047086000,"3086000",0,0,0
36047086200,"3086200",0,0,0
36047086400,"3086400",0,0,0
36047086600,"3086600",0,0,0
36047086800,"3086800",0,0,0
36047087000,"3087000",0,0,0
36047087200,"3087200",0,0,0
36047087401,"3087401",0,0,0
36047087600,"3087600",0,0,0
36047087800,"3087800",0,0,0
36047088001,"3088001",0,0,0
36047088002,"3088002",0,0,0
36047088200,"3088200",0,0,0
36047088400,"3088400",0,0,0
36047088600,"3088600",0,0,0
36047088800,"3088800",0,0,0
36047089000,"3089000",0,0,0
36047089200,"3089200",0,0,0
36047089400,"3089400",0,0,0
36047089600,"3089600",0,0,0
36047089800,"3089800",0,0,0
36047090000,"3090000",0,0,0
36047090200,"3090200",0,0,0
36047090600,"3090600",0,0,0
36047090800,"3090800",0,0,0
36047091000,"3091000",0,0,0
36047091200,"3091200",0,0,0
36047091600,"3091600",0,0,0
36047091800,"3091800",0,0,0
36047092000,"3092000",0,0,0
36047092400,"3092400",0,0,0
36047093000,"3093000",0,0,0
36047093200,"3093200",0,0,0
36047093800,"3093800",0,0,0
36047094401,"3094401",0,0,0
36047094402,"3094402",0,0,0
36047094600,"3094600",0,0,0
36047095000,"3095000",0,0,0
36047095600,"3095600",0,0,0
36047095800,"3095800",0,0,0
36047096200,"3096200",0,0,0
36047096400,"3096400",0,0,0
36047096600,"3096600",0,0,0
36047096800,"3096800",0,0,0
36047097000,"3097000",0,0,0
36047097400,"3097400",0,0,0
36047098200,"3098200",0,0,0
36047098400,"3098400",0,0,0
36047098600,"3098600",0,0,0
36047098800,"3098800",0,0,0
36047099000,"3099000",0,0,0
36047099200,"3099200",0,0,0
36047099400,"3099400",0,0,0
36047100400,"3100400",0,0,0
36047100600,"3100600",0,0,0
36047100800,"3100800",0,0,0
36047101000,"3101000",0,0,0
36047101200,"3101200",0,0,0
36047101400,"3101400",0,0,0
36047101600,"3101600",0,0,0
36047101800,"3101800",0,0,0
36047102000,"3102000",0,0,0
36047102200,"3102200",0,0,0
36047102400,"3102400",0,0,0
36047102600,"3102600",0,0,0
36047102801,"3102801",0,0,0
36047102802,"3102802",0,0,0
36047103401,"3103401",0,0,0
36047103402,"3103402",0,0,0
36047105801,"3105801",0,0,0
36047107001,"3107001",0,0,0
36047107003,"3107003",0,0,0
36047107800,"3107800",0,0,0
36047109800,"3109800",0,0,0
36047110400,"3110400",0,0,0
36047110600,"3110600",0,0,0
36047111000,"3111000",0,0,0
36047111600,"3111600",0,0,0
36047112200,"3112200",0,0,0
36047112400,"3112400",0,0,0
36047112600,"3112600",0,0,0
36047112800,"3112800",0,0,0
36047113000,"3113000",0,0,0
36047113200,"3113200",0,0,0
36047113400,"3113400",0,0,0
36047114201,"3114201",0,0,0
36047114202,"3114202",0,0,0
36047114600,"3114600",0,0,0
36047115000,"3115000",0,0,0
36047115200,"3115200",0,0,0
36047115600,"3115600",0,0,0
36047115800,"3115800",0,0,0
36047116000,"3116000",0,0,0
36047116200,"3116200",0,0,0
36047116400,"3116400",0,0,0
36047116600,"3116600",0,0,0
36047116800,"3116800",0,0,0
36047117000,"3117000",0,0,0
36047117201,"3117201",0,0,0
36047117202,"3117202",0,0,0
36047117400,"3117400",0,0,0
36047117601,"3117601",0,0,0
36047117602,"3117602",0,0,0
36047117800,"3117800",0,0,0
36047118000,"3118000",0,0,1
36047118201,"3118201",0,0,0
36047118202,"3118202",0,0,1
36047118400,"3118400",0,0,0
36047118800,"3118800",0,0,0
36047119000,"3119000",0,0,0
36047119200,"3119200",0,0,0
36047119400,"3119400",0,0,0
36047119600,"3119600",0,0,0
36047119800,"3119800",0,0,0
36047120000,"3120000",0,0,0
36047120200,"3120200",0,0,0
36047120801,"3120801",0,0,0
36047120802,"3120802",0,0,0
36047120803,"3120803",0,0,0
36047121000,"3121000",0,0,0
36047121400,"3121400",0,0,0
36047122000,"3122000",0,0,0
36047123700,"3123700",0,0,1
36061014300,"1014300",0,0,1
36081032000,"4032000",0,0,0
36081068000,"4068000",0,0,0
36081048302,"4048302",0,0,0
36005007100,"2007100",0,0,1
36005007500,"2007500",0,0,0
36005014100,"2014100",0,0,0
36005018502,"2018502",0,0,1
36081024500,"4024500",0,0,0
36081024700,"4024700",0,0,0
36085014606,"5014606",0,0,0
36047070602,"3070602",0,0,0
36047007500,"3007500",0,0,1
36047007700,"3007700",0,0,1
36081056800,"4056800",0,0,0
36081058000,"4058000",0,0,0
36081013700,"4013700",0,0,0
36081014100,"4014100",0,0,0
36047105804,"3105804",0,0,0
36047107002,"3107002",0,0,0
36005037600,"2037600",0,0,0
36005017300,"2017300",0,0,0
36005034500,"2034500",0,0,0
36081051100,"4051100",0,0,0
36081060701,"4060701",0,0,0
36005003700,"2003700",0,0,1
36061014700,"1014700",0,0,0
36061015102,"1015102",0,0,0
36061008601,"1008601",0,0,1
36061008800,"1008800",0,0,0
36005006000,"2006000",0,0,0
36005022000,"2022000",0,0,0
36061008602,"1008602",0,0,0
36047050803,"3050803",0,0,0
36047079802,"3079802",0,0,0
36005006100,"2006100",0,0,1
36005025700,"2025700",0,0,0
36061029900,"1029900",0,0,1
36047152200,"3152200",0,0,1
36005005300,"2005300",0,0,1
36005024700,"2024700",0,0,0
36081060300,"4060300",0,0,0
36081061301,"4061301",0,0,0
36081089201,"4089201",0,0,0
36081006201,"4006201",0,0,0
36081088400,"4088400",0,0,0
36005018301,"2018301",0,0,0
36005019500,"2019500",0,0,0
36005005902,"2005902",0,0,0
36085014604,"5014604",0,0,0
36085014605,"5014605",0,0,0
36085005901,"5005901",1,1,0
36047051200,"3051200",0,0,0
36081032900,"4032900",0,0,1
36005011000,"2011000",0,0,0
36005016600,"2016600",0,0,0
36047050600,"3050600",0,0,0
36081049900,"4049900",0,0,0
36081050700,"4050700",0,0,0
36061024000,"1024000",1,1,0
36005001902,"2001902",1,1,0
36047006300,"3006300",1,1,0
36047005100,"3005100",1,1,0
36047005900,"3005900",1,1,0
36081038100,"4038100",0,0,0
36085021300,"5021300",0,0,0
36085024700,"5024700",0,0,0
36005005100,"2005100",0,0,1
36005006301,"2006301",0,0,0
36061030300,"1030300",0,0,1
36085019800,"5019800",0,0,0
36085020803,"5020803",0,0,0
36047035400,"3035400",0,0,0
36047036600,"3036600",0,0,0
36081003900,"4003900",0,0,0
36081034700,"4034700",1,1,0
36005015700,"2015700",0,0,0
36005016100,"2016100",0,0,0
36061031703,"1031703",0,0,1
36085029106,"5029106",0,0,0
36047001300,"3001300",0,0,1
36085013203,"5013203",0,0,0
36085013204,"5013204",0,0,0
36085013201,"5013201",0,0,0
36085013800,"5013800",0,0,0
36061011700,"1011700",0,0,1
36061012901,"1012901",0,0,1
36047017100,"3017100",0,0,0
36047050202,"3050202",0,0,0
36047050001,"3050001",0,0,0
36047150200,"3150200",0,0,1
36081056400,"4056400",0,0,0
36061023900,"1023900",0,0,1
36047054300,"3054300",0,0,1
36047054500,"3054500",0,0,0
36081030904,"4030904",0,0,1
36081030905,"4030905",0,0,0
36047069602,"3069602",0,0,0
36047070601,"3070601",0,0,0
36081069000,"4069000",0,0,0
36081069400,"4069400",0,0,0
36085017016,"5017016",0,0,0
36085022802,"5022802",0,0,0
36005005600,"2005600",0,0,0
36005006200,"2006200",0,0,0
36081127700,"4127700",0,0,0
36061002100,"1002100",0,0,1
36005021601,"2021601",0,0,0
36005021602,"2021602",0,0,0
36061024302,"1024302",0,0,0
36061031100,"1031100",0,0,1
36081138502,"4138502",0,0,0
36081152901,"4152901",0,0,0
36081128300,"4128300",0,0,0
36047010100,"3010100",0,0,1
36081024300,"4024300",0,0,0
36081048900,"4048900",0,0,0
36047014500,"3014500",0,0,1
36047011700,"3011700",0,0,1
36047014300,"3014300",1,1,0
36005021001,"2021001",0,0,0
36081021900,"4021900",0,0,1
36081053502,"4053502",0,0,1
36061000202,"1000202",1,1,0
36047002100,"3002100",0,0,1
36047038700,"3038700",0,0,0
36047039500,"3039500",0,0,0
36047028900,"3028900",0,0,1
36047039300,"3039300",0,0,0
36081003600,"4003600",0,0,0
36047032700,"3032700",0,0,0
36005003500,"2003500",0,0,0
36005007300,"2007300",0,0,1
36085007500,"5007500",1,1,0
36085007700,"5007700",1,1,0
36081001902,"4001902",1,1,0
36081047500,"4047500",0,0,0
36085014100,"5014100",0,0,0
36085012500,"5012500",0,0,0
36085014700,"5014700",0,0,1
36061000800,"1000800",0,0,1
36047036502,"3036502",0,0,0
36061006200,"1006200",0,0,0
36047056302,"3056302",0,0,0
36081103201,"4103201",0,0,0
36081103202,"4103202",0,0,0
36005004100,"2004100",0,0,1
36005004300,"2004300",1,1,0
36047095400,"3095400",0,0,0
36047096000,"3096000",0,0,0
36047057901,"3057901",0,0,0
36047057902,"3057902",0,0,0
36047099600,"3099600",0,0,0
36047099800,"3099800",0,0,0
36081017101,"4017101",0,0,1
36081017102,"4017102",0,0,0
36061010602,"1010602",0,0,0
36061011600,"1011600",0,0,0
36061011401,"1011401",0,0,0
36005023800,"2023800",0,0,0
36005024000,"2024000",0,0,0
36061004200,"1004200",1,1,0
36061005700,"1005700",1,1,0
36061028700,"1028700",1,1,0
36061029100,"1029100",1,1,0
36081099100,"4099100",0,0,0
36081099705,"4099705",0,0,0
36005033500,"2033500",0,0,0
36005035100,"2035100",0,0,0
36061023802,"1023802",0,0,0
36061023803,"1023803",0,0,0
36085001800,"5001800",0,0,0
36005011800,"2011800",0,0,0
36005013800,"2013800",0,0,0
36085002002,"5002002",0,0,0
36061001501,"1001501",1,1,0
36061002901,"1002901",1,1,0
36061002700,"1002700",0,0,1
36061002902,"1002902",1,1,0
36047062600,"3062600",0,0,0
36047062800,"3062800",0,0,0
36085011204,"5011204",0,0,0
36085012804,"5012804",0,0,0
36047066200,"3066200",0,0,0
36047017700,"3017700",0,0,1
36047050401,"3050401",0,0,0
36005032300,"2032300",0,0,0
36005033700,"2033700",0,0,0
36061002400,"1002400",0,0,1
36081001400,"4001400",1,1,0
36081002200,"4002200",0,0,1
36081001800,"4001800",0,0,1
36081002000,"4002000",0,0,1
36061031900,"1031900",0,0,0
36061021100,"1021100",0,0,1
36061021900,"1021900",0,0,0
36081066404,"4066404",0,0,0
36081071600,"4071600",0,0,0
36047001801,"3001801",1,1,0
36047005302,"3005302",1,1,0
36005051601,"2051601",0,0,0
36005000100,"2000100",0,0,0
36005051602,"2051602",0,0,0
36047036700,"3036700",0,0,0
36047114400,"3114400",0,0,0
36081008100,"4008100",0,0,0
36081008700,"4008700",0,0,0
36081021601,"4021601",0,0,0
36061009903,"1009903",1,1,0
36061010300,"1010300",0,0,1
36061011100,"1011100",0,0,1
36081003700,"4003700",0,0,1
36061023804,"1023804",0,0,1
36061019200,"1019200",0,0,1
36061024500,"1024500",1,1,0
36061025100,"1025100",1,1,0
36081029100,"4029100",0,0,0
36081029300,"4029300",0,0,0
36047049900,"3049900",0,0,0
36047050100,"3050100",0,0,1
36047051500,"3051500",0,0,1
36005028100,"2028100",0,0,0
36005040900,"2040900",0,0,0
36005042100,"2042100",0,0,0
36085015603,"5015603",0,0,0
36085017600,"5017600",0,0,0
36081047200,"4047200",0,0,0
36081047600,"4047600",0,0,0
36005011502,"2011502",0,0,0
36081077905,"4077905",0,0,0
36081118900,"4118900",0,0,1
36047093400,"3093400",0,0,0
36047093600,"3093600",0,0,0
36047092200,"3092200",0,0,0
36047092800,"3092800",0,0,0
36081121100,"4121100",0,0,1
36081141700,"4141700",0,0,0
36005023100,"2023100",0,0,0
36005023302,"2023302",0,0,0
36005037900,"2037900",0,0,0
36005038100,"2038100",0,0,0
36081022001,"4022001",0,0,0
36081038302,"4038302",0,0,1
36081050500,"4050500",0,0,0
36081068700,"4068700",0,0,0
36047066600,"3066600",0,0,0
36047070202,"3070202",0,0,0
36005008300,"2008300",0,0,1
36061016002,"1016002",0,0,1
36061016800,"1016800",0,0,1
36061007900,"1007900",1,1,0
36061006900,"1006900",0,0,1
36061007500,"1007500",0,0,1
36047014101,"3014101",1,1,0
36047014102,"3014102",1,1,0
36005009302,"2009302",0,0,1
36081064102,"4064102",0,0,1
36081077300,"4077300",0,0,1
36005015100,"2015100",1,1,0
36005016300,"2016300",0,0,1
36061009800,"1009800",0,0,0
36061008603,"1008603",0,0,0
36061009000,"1009000",0,0,0
36085031901,"5031901",0,0,0
36081086100,"4086100",1,1,0
36081120100,"4120100",0,0,1
36081081400,"4081400",0,0,0
36081084602,"4084602",0,0,0
36005023703,"2023703",0,0,0
36081055200,"4055200",0,0,0
36081130100,"4130100",0,0,0
36005023501,"2023501",0,0,0
36005023502,"2023502",0,0,0
36047111800,"3111800",0,0,0
36047112000,"3112000",0,0,0
36081059600,"4059600",0,0,0
36081070900,"4070900",0,0,1
36081071100,"4071100",0,0,1
36081060000,"4060000",0,0,0
36081062200,"4062200",0,0,0
36081016300,"4016300",0,0,0
36081029500,"4029500",0,0,0
36081059200,"4059200",0,0,0
36081059400,"4059400",0,0,0
36081070300,"4070300",1,1,0
36081013600,"4013600",0,0,1
36081013800,"4013800",0,0,1
36081067900,"4067900",0,0,0
36081069702,"4069702",0,0,0
36081053401,"4053401",0,0,0
36081059800,"4059800",0,0,0
36047016200,"3016200",0,0,0
36047016400,"3016400",0,0,0
36005046000,"2046000",0,0,0
36005046208,"2046208",0,0,0
36005029302,"2029302",0,0,0
36061029700,"1029700",0,0,1
36081156700,"4156700",0,0,0
36081162100,"4162100",0,0,0
36061001300,"1001300",0,0,1
36061031704,"1031704",0,0,0
36081098100,"4098100",0,0,0
36081098700,"4098700",0,0,0
36005031000,"2031000",0,0,0
36005035600,"2035600",0,0,0
36005026400,"2026400",0,0,0
36005019400,"2019400",0,0,0
36005028400,"2028400",0,0,0
36005045102,"2045102",0,0,0
36081061602,"4061602",0,0,0
36081063800,"4063800",0,0,0
36047001501,"3001501",0,0,1
36047002300,"3002300",0,0,0
36061019400,"1019400",0,0,0
36061024200,"1024200",0,0,0
36005005200,"2005200",0,0,0
36005012300,"2012300",0,0,1
36047055100,"3055100",0,0,1
36047055500,"3055500",0,0,1
36005022701,"2022701",0,0,1
36005022901,"2022901",0,0,0
36085029104,"5029104",0,0,0
36085030301,"5030301",0,0,0
36085029102,"5029102",0,0,0
36085032300,"5032300",0,0,0
36005008900,"2008900",0,0,0
36005009301,"2009301",0,0,0
36005001903,"2001903",1,1,0
36005003100,"2003100",0,0,1
36005023000,"2023000",0,0,0
36005033400,"2033400",0,0,0
36085022602,"5022602",0,0,0
36085024800,"5024800",0,0,0
36081003400,"4003400",0,0,0
36047118600,"3118600",0,0,0
